customer_id,name,contact_name,segment,city,state,first_service,status,owner_emp_id,version,supersedes,effective_from,effective_to,source_node
customer_0001,Brookfield Properties,Nadia Delgado,property_manager,,,2025-08-21,active,emp_01,1,,2025-08-21,,arc/y0/q0/m0
customer_0002,Anthony Gomez,Anthony Gomez,residential,,,2025-08-21,active,emp_06,2,customer_0002:v1,2026-04-22,,arc/y0/q0/m0
customer_0003,Sagebrush Properties,Jared Jennings,property_manager,,,2025-08-21,active,emp_02,1,,2025-08-21,,arc/y0/q0/m0
customer_0004,Delgado Family Residential,Rowan Ramsey,property_manager,,,2025-08-21,active,emp_01,1,,2025-08-21,,arc/y0/q0/m0
customer_0005,Erin Quinn,Erin Quinn,residential,,,2025-08-21,active,emp_02,1,,2025-08-21,,arc/y0/q0/m0
customer_0006,Cedar Facilities,Taylor Adler,commercial,,,2025-08-21,active,emp_06,2,customer_0006:v1,2026-04-22,,arc/y0/q0/m0
customer_0007,Carlos Byrd,Carlos Byrd,residential,,,2025-08-21,active,emp_06,2,customer_0007:v1,2026-04-22,,arc/y0/q0/m0
customer_0008,Cobblestone Properties,Marcus Delgado,property_manager,,,2025-08-21,active,emp_06,2,customer_0008:v1,2026-04-22,,arc/y0/q0/m0
customer_0009,Oak Street Mechanical,Andre Gomez,commercial,,,2025-08-21,active,emp_01,1,,2025-08-21,,arc/y0/q0/m0
customer_0010,Sandstone Commons,Irene Jennings,property_manager,,,2025-08-21,active,emp_06,2,customer_0010:v1,2026-04-22,,arc/y0/q0/m0
customer_0011,Dixon Family Management,Harper Ramsey,property_manager,,,2025-08-21,active,emp_02,1,,2025-08-21,,arc/y0/q0/m0
customer_0012,Arrowhead Commons,Derek Quinn,property_manager,,,2025-08-21,active,emp_01,1,,2025-08-21,,arc/y0/q0/m0
customer_0013,Shaw Family Hospitality,Omar Bishop,commercial,,,2025-08-21,active,emp_02,1,,2025-08-21,,arc/y0/q0/m0
customer_0014,Mill Creek Facilities,Brian Byrd,commercial,,,2025-08-21,active,emp_02,1,,2025-08-21,,arc/y0/q0/m0
customer_0015,Copperleaf Hospitality,Laura Delgado,commercial,,,2025-08-21,active,emp_02,1,,2025-08-21,,arc/y0/q0/m0
customer_0016,Cole Family Hospitality,Aaron Gomez,commercial,,,2025-08-21,active,emp_06,2,customer_0016:v1,2026-04-22,,arc/y0/q0/m0
customer_0017,Greg Jennings,Greg Jennings,residential,,,2025-08-21,active,emp_06,2,customer_0017:v1,2026-04-22,,arc/y0/q0/m0
customer_0018,Greenfield Properties,Jamie Ramsey,property_manager,,,2025-08-21,active,emp_02,1,,2025-08-21,,arc/y0/q0/m0
customer_0019,Ashford Management,Dana Quinn,property_manager,,,2025-08-21,active,emp_06,2,customer_0019:v1,2026-04-22,,arc/y0/q0/m0
customer_0020,Evergreen Facilities,Nathan Bishop,commercial,,,2025-08-21,active,emp_06,2,customer_0020:v1,2026-04-22,,arc/y0/q0/m0
customer_0021,April Byrd,April Byrd,residential,,,2025-08-21,active,emp_02,1,,2025-08-21,,arc/y0/q0/m0
customer_0022,Joanna Delgado,Joanna Delgado,residential,,,2025-08-21,active,emp_02,1,,2025-08-21,,arc/y0/q0/m0
customer_0023,Redwood Hospitality,Sydney Gomez,commercial,,,2025-08-21,active,emp_01,1,,2025-08-21,,arc/y0/q0/m0
customer_0024,Felix Jennings,Felix Jennings,residential,,,2025-08-21,active,emp_06,2,customer_0024:v1,2026-04-22,,arc/y0/q0/m0
customer_0025,Duncan Family Management,Morgan Ramsey,property_manager,,,2025-08-21,active,emp_06,2,customer_0025:v1,2026-04-22,,arc/y0/q0/m0
customer_0026,Aspen Hill Management,Caroline Quinn,property_manager,,,2025-08-21,active,emp_02,1,,2025-08-21,,arc/y0/q0/m0
customer_0027,Maria Bishop,Maria Bishop,residential,,,2025-08-21,active,emp_02,1,,2025-08-21,,arc/y0/q0/m0
customer_0028,Angela Byrd,Angela Byrd,residential,,,2025-08-21,active,emp_02,1,,2025-08-21,,arc/y0/q0/m0
customer_0029,Dogwood Commons,Ivan Delgado,property_manager,,,2025-08-21,active,emp_02,1,,2025-08-21,,arc/y0/q0/m0
customer_0030,Riverside Properties,Kendall Gomez,property_manager,,,2025-08-21,active,emp_01,1,,2025-08-21,,arc/y0/q0/m0
customer_0031,Diane Jennings,Diane Jennings,residential,,,2025-08-21,active,emp_02,1,,2025-08-21,,arc/y0/q0/m0
customer_0032,Alex Ramsey,Alex Ramsey,residential,,,2025-08-21,active,emp_06,2,customer_0032:v1,2026-04-22,,arc/y0/q0/m0
customer_0033,Caleb Quinn,Caleb Quinn,residential,,,2025-08-21,active,emp_06,2,customer_0033:v1,2026-04-22,,arc/y0/q0/m0
customer_0034,Sutton Family Works,Leon Bishop,commercial,,,2025-09-21,active,emp_01,1,,2025-09-21,,arc/y0/q0/m1
customer_0035,Pinehurst Residential,Alicia Byrd,property_manager,,,2025-09-21,active,emp_04,1,,2025-09-21,,arc/y0/q0/m1
customer_0036,Conner Family Management,Hazel Delgado,property_manager,,,2025-09-21,active,emp_02,1,,2025-09-21,,arc/y0/q0/m1
customer_0037,Silverline Works,Avery Gomez,commercial,,,2025-09-21,active,emp_01,1,,2025-09-21,,arc/y0/q0/m1
customer_0038,Daniel Jennings,Daniel Jennings,residential,,,2025-09-21,active,emp_02,1,,2025-09-21,,arc/y0/q0/m1
customer_0039,Hollybrook Works,Nina Pruitt,commercial,,,2025-09-21,active,emp_02,1,,2025-09-21,,arc/y0/q0/m1
customer_0040,Brandon Quinn,Brandon Quinn,residential,,,2025-09-21,active,emp_01,1,,2025-09-21,,arc/y0/q0/m1
customer_0041,Julia Bishop,Julia Bishop,residential,,,2025-09-21,active,emp_02,1,,2025-09-21,,arc/y0/q0/m1
customer_0042,Primrose Facilities,Blake Byrd,commercial,,,2025-09-21,active,emp_04,1,,2025-09-21,,arc/y0/q0/m1
customer_0043,Eastgate Residential,Gina Delgado,property_manager,,,2025-09-21,active,emp_04,1,,2025-09-21,,arc/y0/q0/m1
customer_0044,Casey Gomez,Casey Gomez,residential,,,2025-09-21,active,emp_06,2,customer_0044:v1,2026-04-22,,arc/y0/q0/m1
customer_0045,Atlas Residential,Claire Jennings,property_manager,,,2025-09-21,active,emp_01,1,,2025-09-21,,arc/y0/q0/m1
customer_0046,Miles Pruitt,Miles Pruitt,residential,,,2025-09-21,active,emp_02,1,,2025-09-21,,arc/y0/q0/m1
customer_0047,Byrd Family Facilities,Anita Quinn,commercial,,,2025-09-21,active,emp_04,1,,2025-09-21,,arc/y0/q0/m1
customer_0048,Lakeview Commons,Janet Bishop,property_manager,,,2025-09-21,active,emp_04,1,,2025-09-21,,arc/y0/q0/m1
customer_0049,Quailwood Properties,Reese Byrd,property_manager,,,2025-09-21,active,emp_06,2,customer_0049:v1,2026-04-22,,arc/y0/q0/m1
customer_0050,Elmwood Facilities,Eric Delgado,commercial,,,2025-09-21,active,emp_01,1,,2025-09-21,,arc/y0/q0/m1
customer_0051,Westfield Mechanical,Jordan Gomez,commercial,,,2025-09-21,active,emp_01,1,,2025-09-21,,arc/y0/q0/m1
customer_0052,Bluebird Residential,Carla Jennings,property_manager,,,2025-09-21,active,emp_06,2,customer_0052:v1,2026-04-22,,arc/y0/q0/m1
customer_0053,Lydia Pruitt,Lydia Pruitt,residential,,,2025-09-21,active,emp_02,1,,2025-09-21,,arc/y0/q0/m1
customer_0054,Briarwood Commons,Amber Quinn,property_manager,,,2025-09-21,active,emp_02,1,,2025-09-21,,arc/y0/q0/m1
customer_0055,Ian Bishop,Ian Bishop,residential,,,2025-09-21,active,emp_01,1,,2025-09-21,,arc/y0/q0/m1
customer_0056,Rockport Properties,Devon Byrd,property_manager,,,2025-09-21,active,emp_04,1,,2025-09-21,,arc/y0/q0/m1
customer_0057,Foxglove Residential,Denise Delgado,property_manager,,,2025-09-21,active,emp_06,2,customer_0057:v1,2026-04-22,,arc/y0/q0/m1
customer_0058,Willow Creek Management,Olivia Gibbs,property_manager,,,2025-09-21,active,emp_02,1,,2025-09-21,,arc/y0/q0/m1
customer_0059,Brenda Jennings,Brenda Jennings,residential,,,2025-09-21,active,emp_01,1,,2025-09-21,,arc/y0/q0/m1
customer_0060,Laurelwood Properties,Kevin Pruitt,property_manager,,,2025-09-21,active,emp_01,1,,2025-09-21,,arc/y0/q0/m1
customer_0061,Brookfield Residential 2,Emerson Quinn,property_manager,,,2025-09-21,active,emp_02,1,,2025-09-21,,arc/y0/q0/m1
customer_0062,Grace Bishop,Grace Bishop,residential,,,2025-09-21,active,emp_04,1,,2025-09-21,,arc/y0/q0/m1
customer_0063,Riley Byrd,Riley Byrd,residential,,,2025-09-21,active,emp_06,2,customer_0063:v1,2026-04-22,,arc/y0/q0/m1
customer_0064,Glenrose Properties 2,Colin Delgado,property_manager,,,2025-09-21,active,emp_04,1,,2025-09-21,,arc/y0/q0/m1
customer_0065,Nadia Gibbs,Nadia Gibbs,residential,,,2025-09-21,active,emp_01,1,,2025-09-21,,arc/y0/q0/m1
customer_0066,Cedar Works 2,Anthony Jennings,commercial,,,2025-09-21,active,emp_04,1,,2025-09-21,,arc/y0/q0/m1
customer_0067,Jared Pruitt,Jared Pruitt,residential,,,2025-09-21,active,emp_01,1,,2025-09-21,,arc/y0/q0/m1
customer_0068,Carr Family Residential 2,Rowan Quinn,property_manager,,,2025-10-21,active,emp_04,1,,2025-10-21,,arc/y0/q0/m2
customer_0069,Oak Street Works 2,Erin Bishop,commercial,,,2025-10-21,active,emp_01,1,,2025-10-21,,arc/y0/q0/m2
customer_0070,Sandstone Management 2,Taylor Byrd,property_manager,,,2025-10-21,active,emp_04,1,,2025-10-21,,arc/y0/q0/m2
customer_0071,Goldenrod Management 2,Carlos Delgado,property_manager,,,2025-10-21,active,emp_01,1,,2025-10-21,,arc/y0/q0/m2
customer_0072,Marcus Gibbs,Marcus Gibbs,residential,,,2025-10-21,active,emp_02,1,,2025-10-21,,arc/y0/q0/m2
customer_0073,Andre Jennings,Andre Jennings,residential,,,2025-10-21,active,emp_02,1,,2025-10-21,,arc/y0/q0/m2
customer_0074,Mill Creek Mechanical 2,Irene Pruitt,commercial,,,2025-10-21,active,emp_06,2,customer_0074:v1,2026-04-22,,arc/y0/q0/m2
customer_0075,Chan Family Management 2,Harper Quinn,property_manager,,,2025-10-21,active,emp_06,2,customer_0075:v1,2026-04-22,,arc/y0/q0/m2
customer_0076,Derek Bishop,Derek Bishop,residential,,,2025-10-21,active,emp_02,1,,2025-10-21,,arc/y0/q0/m2
customer_0077,Omar Burke,Omar Burke,residential,,,2025-10-21,active,emp_04,1,,2025-10-21,,arc/y0/q0/m2
customer_0078,Brian Delgado,Brian Delgado,residential,,,2025-10-21,active,emp_06,2,customer_0078:v1,2026-04-22,,arc/y0/q0/m2
customer_0079,Ashford Properties 2,Laura Gibbs,property_manager,,,2025-10-21,active,emp_05,2,customer_0079:v1,2026-01-15,,arc/y0/q0/m2
customer_0080,Aaron Jennings,Aaron Jennings,residential,,,2025-10-21,active,emp_06,2,customer_0080:v1,2026-04-22,,arc/y0/q0/m2
customer_0081,Gibbs Family Works 2,Greg Pruitt,commercial,,,2025-10-21,active,emp_04,1,,2025-10-21,,arc/y0/q0/m2
customer_0082,Cypress Properties 2,Jamie Quinn,property_manager,,,2025-10-21,active,emp_01,1,,2025-10-21,,arc/y0/q0/m2
customer_0083,Bishop Family Management 2,Dana Bishop,property_manager,,,2025-10-21,active,emp_02,1,,2025-10-21,,arc/y0/q0/m2
customer_0084,Thornbury Facilities 2,Nathan Burke,commercial,,,2025-10-21,active,emp_02,1,,2025-10-21,,arc/y0/q0/m2
customer_0085,April Delgado,April Delgado,residential,,,2025-10-21,active,emp_04,1,,2025-10-21,,arc/y0/q0/m2
customer_0086,Joanna Gibbs,Joanna Gibbs,residential,,,2025-10-21,active,emp_01,1,,2025-10-21,,arc/y0/q0/m2
customer_0087,Fairway Hospitality 2,Sydney Jennings,commercial,,,2025-10-21,active,emp_04,1,,2025-10-21,,arc/y0/q0/m2
customer_0088,Mulberry Management 2,Felix Pruitt,property_manager,,,2025-10-21,active,emp_04,1,,2025-10-21,,arc/y0/q0/m2
customer_0089,Dogwood Works 2,Morgan Quinn,commercial,,,2025-10-21,active,emp_04,1,,2025-10-21,,arc/y0/q0/m2
customer_0090,Riverside Hospitality 2,Caroline Bishop,commercial,,,2025-10-21,active,emp_06,2,customer_0090:v1,2026-04-22,,arc/y0/q0/m2
customer_0091,Hubbard Family Works 2,Maria Burke,commercial,,,2025-10-21,active,emp_02,1,,2025-10-21,,arc/y0/q0/m2
customer_0092,Hillcrest Commons 2,Angela Delgado,property_manager,,,2025-10-21,active,emp_02,1,,2025-10-21,,arc/y0/q0/m2
customer_0093,Bradley Family Commons 2,Ivan Gibbs,property_manager,,,2025-10-21,active,emp_04,1,,2025-10-21,,arc/y0/q0/m2
customer_0094,Juniper Management 2,Kendall Jennings,property_manager,,,2025-10-21,active,emp_02,1,,2025-10-21,,arc/y0/q0/m2
customer_0095,Pinehurst Commons 2,Diane Pruitt,property_manager,,,2025-10-21,active,emp_02,1,,2025-10-21,,arc/y0/q0/m2
customer_0096,Alex Quinn,Alex Quinn,residential,,,2025-10-21,active,emp_02,1,,2025-10-21,,arc/y0/q0/m2
customer_0097,Caleb Bishop,Caleb Bishop,residential,,,2025-10-21,active,emp_02,1,,2025-10-21,,arc/y0/q0/m2
customer_0098,Acorn Works 2,Leon Burke,commercial,,,2025-10-21,active,emp_02,1,,2025-10-21,,arc/y0/q0/m2
customer_0099,Alicia Delgado,Alicia Delgado,residential,,,2025-10-21,active,emp_06,2,customer_0099:v1,2026-04-22,,arc/y0/q0/m2
customer_0100,Birchwood Facilities 2,Hazel Gibbs,commercial,,,2025-10-21,active,emp_04,1,,2025-10-21,,arc/y0/q0/m2
customer_0101,Avery Jennings,Avery Jennings,residential,,,2025-11-21,active,emp_01,1,,2025-11-21,,arc/y0/q1/m0
customer_0102,Primrose Works 2,Daniel Pruitt,commercial,,,2025-11-21,active,emp_01,1,,2025-11-21,,arc/y0/q1/m0
customer_0103,Nina Brooks,Nina Brooks,residential,,,2025-11-21,active,emp_06,2,customer_0103:v1,2026-04-22,,arc/y0/q1/m0
customer_0104,Stonegate Management 2,Brandon Bishop,property_manager,,,2025-11-21,active,emp_02,1,,2025-11-21,,arc/y0/q1/m0
customer_0105,Julia Burke,Julia Burke,residential,,,2025-11-21,active,emp_02,1,,2025-11-21,,arc/y0/q1/m0
customer_0106,Blake Delgado,Blake Delgado,residential,,,2025-11-21,active,emp_06,2,customer_0106:v1,2026-04-22,,arc/y0/q1/m0
customer_0107,Boulder Point Facilities 2,Gina Gibbs,commercial,,,2025-11-21,active,emp_05,1,,2025-11-21,,arc/y0/q1/m0
customer_0108,Casey Jennings,Casey Jennings,residential,,,2025-11-21,active,emp_02,1,,2025-11-21,,arc/y0/q1/m0
customer_0109,Quailwood Works 2,Claire Pruitt,commercial,,,2025-11-21,active,emp_06,2,customer_0109:v1,2026-04-22,,arc/y0/q1/m0
customer_0110,Miles Brooks,Miles Brooks,residential,,,2025-11-21,active,emp_06,2,customer_0110:v1,2026-04-22,,arc/y0/q1/m0
customer_0111,Anita Bishop,Anita Bishop,residential,,,2025-11-21,active,emp_04,1,,2025-11-21,,arc/y0/q1/m0
customer_0112,Bluebird Facilities 2,Janet Burke,commercial,,,2025-11-21,active,emp_05,1,,2025-11-21,,arc/y0/q1/m0
customer_0113,Larkspur Works 2,Reese Delgado,commercial,,,2025-11-21,active,emp_06,2,customer_0113:v1,2026-04-22,,arc/y0/q1/m0
customer_0114,Briarwood Mechanical 2,Eric Gibbs,commercial,,,2025-11-21,active,emp_04,1,,2025-11-21,,arc/y0/q1/m0
customer_0115,Magnolia Properties 2,Jordan Jennings,property_manager,,,2025-11-21,active,emp_01,1,,2025-11-21,,arc/y0/q1/m0
customer_0116,Carla Pruitt,Carla Pruitt,residential,,,2025-11-21,active,emp_05,1,,2025-11-21,,arc/y0/q1/m0
customer_0117,Dalton Family Residential 2,Lydia Brooks,property_manager,,,2025-11-21,active,emp_05,1,,2025-11-21,,arc/y0/q1/m0
customer_0118,Amber Bishop,Amber Bishop,residential,,,2025-11-21,active,emp_01,1,,2025-11-21,,arc/y0/q1/m0
customer_0119,Brighton Hospitality 2,Ian Burke,commercial,,,2025-11-21,active,emp_06,2,customer_0119:v1,2026-04-22,,arc/y0/q1/m0
customer_0120,Laurelwood Works 2,Devon Delgado,commercial,,,2025-11-21,active,emp_04,1,,2025-11-21,,arc/y0/q1/m0
customer_0121,Carey Family Management 3,Denise Gibbs,property_manager,,,2025-11-21,active,emp_04,1,,2025-11-21,,arc/y0/q1/m0
customer_0122,Northstar Facilities 3,Olivia Ingram,commercial,,,2025-11-21,active,emp_04,1,,2025-11-21,,arc/y0/q1/m0
customer_0123,Brenda Pruitt,Brenda Pruitt,residential,,,2025-11-21,active,emp_05,1,,2025-11-21,,arc/y0/q1/m0
customer_0124,Glenrose Mechanical 3,Kevin Brooks,commercial,,,2025-11-21,active,emp_04,1,,2025-11-21,,arc/y0/q1/m0
customer_0125,Emerson Bishop,Emerson Bishop,residential,,,2025-11-21,active,emp_05,1,,2025-11-21,,arc/y0/q1/m0
customer_0126,Grace Burke,Grace Burke,residential,,,2025-11-21,active,emp_04,1,,2025-11-21,,arc/y0/q1/m0
customer_0127,Franklin Family Hospitality 3,Riley Delgado,commercial,,,2025-11-21,active,emp_05,1,,2025-11-21,,arc/y0/q1/m0
customer_0128,Cobblestone Properties 3,Colin Gibbs,property_manager,,,2025-11-21,active,emp_04,1,,2025-11-21,,arc/y0/q1/m0
customer_0129,Rhodes Family Facilities 3,Nadia Ingram,commercial,,,2025-11-21,active,emp_06,2,customer_0129:v1,2026-04-22,,arc/y0/q1/m0
customer_0130,Sandstone Commons 3,Anthony Pruitt,property_manager,,,2025-11-21,active,emp_05,1,,2025-11-21,,arc/y0/q1/m0
customer_0131,Goldenrod Properties 3,Jared Brooks,property_manager,,,2025-11-21,active,emp_05,1,,2025-11-21,,arc/y0/q1/m0
customer_0132,Arrowhead Works 3,Rowan Bishop,commercial,,,2025-11-21,active,emp_06,2,customer_0132:v1,2026-04-22,,arc/y0/q1/m0
customer_0133,Crescent Residential 3,Erin Burke,property_manager,,,2025-11-21,active,emp_06,2,customer_0133:v1,2026-04-22,,arc/y0/q1/m0
customer_0134,Mill Creek Management 3,Taylor Delgado,property_manager,,,2025-12-21,active,emp_02,1,,2025-12-21,,arc/y0/q1/m1
customer_0135,Copperleaf Properties 3,Carlos Gibbs,property_manager,,,2025-12-21,active,emp_06,1,,2025-12-21,,arc/y0/q1/m1
customer_0136,Parkside Hospitality 3,Marcus Ingram,commercial,,,2025-12-21,active,emp_05,1,,2025-12-21,,arc/y0/q1/m1
customer_0137,Seabright Hospitality 3,Andre Pruitt,commercial,,,2025-12-21,active,emp_06,2,customer_0137:v1,2026-04-22,,arc/y0/q1/m1
customer_0138,Irene Brooks,Irene Brooks,residential,,,2025-12-21,active,emp_06,2,customer_0138:v1,2026-04-22,,arc/y0/q1/m1
customer_0139,Harper Bishop,Harper Bishop,residential,,,2025-12-21,active,emp_01,1,,2025-12-21,,arc/y0/q1/m1
customer_0140,Evergreen Management 3,Derek Burke,property_manager,,,2025-12-21,active,emp_05,1,,2025-12-21,,arc/y0/q1/m1
customer_0141,Morningside Works 3,Omar Dalton,commercial,,,2025-12-21,active,emp_05,1,,2025-12-21,,arc/y0/q1/m1
customer_0142,Cypress Commons 3,Brian Gibbs,property_manager,,,2025-12-21,active,emp_04,1,,2025-12-21,,arc/y0/q1/m1
customer_0143,Bishop Family Management 3,Laura Ingram,property_manager,,,2025-12-21,active,emp_02,1,,2025-12-21,,arc/y0/q1/m1
customer_0144,Thornbury Management 3,Aaron Pruitt,property_manager,,,2025-12-21,active,emp_06,1,,2025-12-21,,arc/y0/q1/m1
customer_0145,Hawthorn Commons 3,Greg Brooks,property_manager,,,2025-12-21,active,emp_06,1,,2025-12-21,,arc/y0/q1/m1
customer_0146,Aspen Hill Management 3,Jamie Bishop,property_manager,,,2025-12-21,active,emp_06,1,,2025-12-21,,arc/y0/q1/m1
customer_0147,Fairway Properties 3,Dana Burke,property_manager,,,2025-12-21,active,emp_02,1,,2025-12-21,,arc/y0/q1/m1
customer_0148,Nathan Dalton,Nathan Dalton,residential,,,2025-12-21,active,emp_06,1,,2025-12-21,,arc/y0/q1/m1
customer_0149,April Gibbs,April Gibbs,residential,,,2025-12-21,active,emp_05,1,,2025-12-21,,arc/y0/q1/m1
customer_0150,Joanna Ingram,Joanna Ingram,residential,,,2025-12-21,active,emp_01,1,,2025-12-21,,arc/y0/q1/m1
customer_0151,Wrenfield Management 3,Sydney Pruitt,property_manager,,,2025-12-21,active,emp_01,1,,2025-12-21,,arc/y0/q1/m1
customer_0152,Hillcrest Mechanical 3,Felix Brooks,commercial,,,2025-12-21,active,emp_04,1,,2025-12-21,,arc/y0/q1/m1
customer_0153,Bradley Family Works 3,Morgan Bishop,commercial,,,2025-12-21,active,emp_04,1,,2025-12-21,,arc/y0/q1/m1
customer_0154,Caroline Burke,Caroline Burke,residential,,,2025-12-21,active,emp_05,1,,2025-12-21,,arc/y0/q1/m1
customer_0155,Maria Dalton,Maria Dalton,residential,,,2025-12-21,active,emp_01,1,,2025-12-21,,arc/y0/q1/m1
customer_0156,Driftwood Mechanical 3,Angela Gibbs,commercial,,,2025-12-21,active,emp_02,1,,2025-12-21,,arc/y0/q1/m1
customer_0157,Barnes Family Works 3,Ivan Ingram,commercial,,,2025-12-21,active,emp_04,1,,2025-12-21,,arc/y0/q1/m1
customer_0158,Kendall Pruitt,Kendall Pruitt,residential,,,2025-12-21,active,emp_06,2,customer_0158:v1,2026-04-22,,arc/y0/q1/m1
customer_0159,Hollybrook Properties 3,Diane Brooks,property_manager,,,2025-12-21,active,emp_04,1,,2025-12-21,,arc/y0/q1/m1
customer_0160,Alex Bishop,Alex Bishop,residential,,,2025-12-21,active,emp_06,1,,2025-12-21,,arc/y0/q1/m1
customer_0161,Keystone Residential 3,Caleb Burke,property_manager,,,2025-12-21,active,emp_06,2,customer_0161:v1,2026-04-22,,arc/y0/q1/m1
customer_0162,Primrose Works 3,Leon Dalton,commercial,,,2025-12-21,active,emp_06,1,,2025-12-21,,arc/y0/q1/m1
customer_0163,Eastgate Hospitality 3,Alicia Gibbs,commercial,,,2025-12-21,active,emp_05,1,,2025-12-21,,arc/y0/q1/m1
customer_0164,Hazel Ingram,Hazel Ingram,residential,,,2025-12-21,active,emp_02,1,,2025-12-21,,arc/y0/q1/m1
customer_0165,Atlas Facilities 3,Avery Pruitt,commercial,,,2025-12-21,active,emp_06,2,customer_0165:v1,2026-04-22,,arc/y0/q1/m1
customer_0166,Ivybridge Mechanical 3,Daniel Brooks,commercial,,,2025-12-21,active,emp_04,1,,2025-12-21,,arc/y0/q1/m1
customer_0167,Nina Cole,Nina Cole,residential,,,2025-12-21,active,emp_06,1,,2025-12-21,,arc/y0/q1/m1
customer_0168,Lakeview Management 3,Brandon Burke,property_manager,,,2026-01-21,active,emp_04,1,,2026-01-21,,arc/y0/q1/m2
customer_0169,Julia Dalton,Julia Dalton,residential,,,2026-01-21,active,emp_05,1,,2026-01-21,,arc/y0/q1/m2
customer_0170,Cruz Family Works 3,Blake Gibbs,commercial,,,2026-01-21,active,emp_01,1,,2026-01-21,,arc/y0/q1/m2
customer_0171,Westfield Mechanical 3,Gina Ingram,commercial,,,2026-01-21,active,emp_02,1,,2026-01-21,,arc/y0/q1/m2
customer_0172,Bluebird Residential 3,Casey Pruitt,property_manager,,,2026-01-21,active,emp_02,1,,2026-01-21,,arc/y0/q1/m2
customer_0173,Claire Brooks,Claire Brooks,residential,,,2026-01-21,active,emp_07,1,,2026-01-21,,arc/y0/q1/m2
customer_0174,Briarwood Mechanical 3,Miles Cole,commercial,,,2026-01-21,active,emp_05,1,,2026-01-21,,arc/y0/q1/m2
customer_0175,Nolan Family Mechanical 3,Anita Burke,commercial,,,2026-01-21,active,emp_06,2,customer_0175:v1,2026-04-22,,arc/y0/q1/m2
customer_0176,Janet Dalton,Janet Dalton,residential,,,2026-01-21,active,emp_05,1,,2026-01-21,,arc/y0/q1/m2
customer_0177,Foxglove Facilities 3,Reese Gibbs,commercial,,,2026-01-21,active,emp_04,1,,2026-01-21,,arc/y0/q1/m2
customer_0178,Beck Family Properties 3,Eric Ingram,property_manager,,,2026-01-21,active,emp_05,1,,2026-01-21,,arc/y0/q1/m2
customer_0179,Jordan Pruitt,Jordan Pruitt,residential,,,2026-01-21,active,emp_06,2,customer_0179:v1,2026-04-22,,arc/y0/q1/m2
customer_0180,Laurelwood Mechanical 3,Carla Brooks,commercial,,,2026-01-21,active,emp_07,1,,2026-01-21,,arc/y0/q1/m2
customer_0181,Brookfield Properties 4,Lydia Cole,property_manager,,,2026-01-21,active,emp_01,1,,2026-01-21,,arc/y0/q1/m2
customer_0182,Northstar Management 4,Amber Burke,property_manager,,,2026-01-21,active,emp_01,1,,2026-01-21,,arc/y0/q1/m2
customer_0183,Sagebrush Works 4,Ian Dalton,commercial,,,2026-01-21,active,emp_01,1,,2026-01-21,,arc/y0/q1/m2
customer_0184,Glenrose Works 4,Devon Gibbs,commercial,,,2026-01-21,active,emp_05,1,,2026-01-21,,arc/y0/q1/m2
customer_0185,Alder Grove Hospitality 4,Denise Ingram,commercial,,,2026-01-21,active,emp_06,1,,2026-01-21,,arc/y0/q1/m2
customer_0186,Cedar Works 4,Olivia Patel,commercial,,,2026-01-21,active,emp_01,1,,2026-01-21,,arc/y0/q1/m2
customer_0187,Meadowbrook Mechanical 4,Brenda Brooks,commercial,,,2026-01-21,active,emp_01,1,,2026-01-21,,arc/y0/q1/m2
customer_0188,Cobblestone Works 4,Kevin Cole,commercial,,,2026-01-21,active,emp_02,1,,2026-01-21,,arc/y0/q1/m2
customer_0189,Rhodes Family Commons 4,Emerson Burke,property_manager,,,2026-01-21,active,emp_06,2,customer_0189:v1,2026-04-22,,arc/y0/q1/m2
customer_0190,Grace Dalton,Grace Dalton,residential,,,2026-01-21,active,emp_05,1,,2026-01-21,,arc/y0/q1/m2
customer_0191,Goldenrod Management 4,Riley Gibbs,property_manager,,,2026-01-21,active,emp_02,1,,2026-01-21,,arc/y0/q1/m2
customer_0192,Arrowhead Mechanical 4,Colin Ingram,commercial,,,2026-01-21,active,emp_06,1,,2026-01-21,,arc/y0/q1/m2
customer_0193,Shaw Family Works 4,Nadia Patel,commercial,,,2026-01-21,active,emp_02,1,,2026-01-21,,arc/y0/q1/m2
customer_0194,Mill Creek Works 4,Anthony Brooks,commercial,,,2026-01-21,active,emp_06,2,customer_0194:v1,2026-04-22,,arc/y0/q1/m2
customer_0195,Copperleaf Properties 4,Jared Cole,property_manager,,,2026-01-21,active,emp_07,1,,2026-01-21,,arc/y0/q1/m2
customer_0196,Rowan Burke,Rowan Burke,residential,,,2026-01-21,active,emp_06,2,customer_0196:v1,2026-04-22,,arc/y0/q1/m2
customer_0197,Erin Dalton,Erin Dalton,residential,,,2026-01-21,active,emp_04,1,,2026-01-21,,arc/y0/q1/m2
customer_0198,Taylor Gibbs,Taylor Gibbs,residential,,,2026-01-21,active,emp_05,1,,2026-01-21,,arc/y0/q1/m2
customer_0199,Ashford Commons 4,Carlos Ingram,property_manager,,,2026-01-21,active,emp_02,1,,2026-01-21,,arc/y0/q1/m2
customer_0200,Evergreen Management 4,Marcus Patel,property_manager,,,2026-01-21,active,emp_06,2,customer_0200:v1,2026-04-22,,arc/y0/q1/m2
customer_0201,Andre Brooks,Andre Brooks,residential,,,2026-02-21,active,emp_04,1,,2026-02-21,,arc/y0/q2/m0
customer_0202,Irene Cole,Irene Cole,residential,,,2026-02-21,active,emp_05,1,,2026-02-21,,arc/y0/q2/m0
customer_0203,Redwood Management 4,Harper Burke,property_manager,,,2026-02-21,active,emp_06,2,customer_0203:v1,2026-04-22,,arc/y0/q2/m0
customer_0204,Thornbury Residential 4,Derek Dalton,property_manager,,,2026-02-21,active,emp_06,2,customer_0204:v1,2026-04-22,,arc/y0/q2/m0
customer_0205,Hawthorn Commons 4,Omar Gallagher,property_manager,,,2026-02-21,active,emp_06,1,,2026-02-21,,arc/y0/q2/m0
customer_0206,Boyd Family Works 4,Brian Ingram,commercial,,,2026-02-21,active,emp_01,1,,2026-02-21,,arc/y0/q2/m0
customer_0207,Fairway Management 4,Laura Patel,property_manager,,,2026-02-21,active,emp_01,1,,2026-02-21,,arc/y0/q2/m0
customer_0208,Mulberry Residential 4,Aaron Brooks,property_manager,,,2026-02-21,active,emp_07,1,,2026-02-21,,arc/y0/q2/m0
customer_0209,Dogwood Properties 4,Greg Cole,property_manager,,,2026-02-21,active,emp_02,1,,2026-02-21,,arc/y0/q2/m0
customer_0210,Jamie Burke,Jamie Burke,residential,,,2026-02-21,active,emp_08,1,,2026-02-21,,arc/y0/q2/m0
customer_0211,Dana Dalton,Dana Dalton,residential,,,2026-02-21,active,emp_01,1,,2026-02-21,,arc/y0/q2/m0
customer_0212,Nathan Gallagher,Nathan Gallagher,residential,,,2026-02-21,active,emp_06,2,customer_0212:v1,2026-04-22,,arc/y0/q2/m0
customer_0213,Bradley Family Hospitality 4,April Ingram,commercial,,,2026-02-21,active,emp_04,1,,2026-02-21,,arc/y0/q2/m0
customer_0214,Juniper Hospitality 4,Joanna Patel,commercial,,,2026-02-21,active,emp_07,1,,2026-02-21,,arc/y0/q2/m0
customer_0215,Sydney Brooks,Sydney Brooks,residential,,,2026-02-21,active,emp_01,1,,2026-02-21,,arc/y0/q2/m0
customer_0216,Driftwood Facilities 4,Felix Cole,commercial,,,2026-02-21,active,emp_07,1,,2026-02-21,,arc/y0/q2/m0
customer_0217,Silverline Management 4,Morgan Burke,property_manager,,,2026-02-21,active,emp_08,1,,2026-02-21,,arc/y0/q2/m0
customer_0218,Caroline Dalton,Caroline Dalton,residential,,,2026-02-21,active,emp_06,1,,2026-02-21,,arc/y0/q2/m0
customer_0219,Maria Gallagher,Maria Gallagher,residential,,,2026-02-21,active,emp_06,1,,2026-02-21,,arc/y0/q2/m0
customer_0220,Birchwood Properties 4,Angela Ingram,property_manager,,,2026-02-21,active,emp_07,1,,2026-02-21,,arc/y0/q2/m0
customer_0221,Keystone Residential 4,Ivan Patel,property_manager,,,2026-02-21,active,emp_01,1,,2026-02-21,,arc/y0/q2/m0
customer_0222,Kendall Brooks,Kendall Brooks,residential,,,2026-02-21,active,emp_05,1,,2026-02-21,,arc/y0/q2/m0
customer_0223,Cortez Family Facilities 4,Diane Cole,commercial,,,2026-02-21,active,emp_04,1,,2026-02-21,,arc/y0/q2/m0
customer_0224,Alex Burke,Alex Burke,residential,,,2026-02-21,active,emp_07,1,,2026-02-21,,arc/y0/q2/m0
customer_0225,Caleb Dalton,Caleb Dalton,residential,,,2026-02-21,active,emp_04,1,,2026-02-21,,arc/y0/q2/m0
customer_0226,Leon Gallagher,Leon Gallagher,residential,,,2026-02-21,active,emp_07,1,,2026-02-21,,arc/y0/q2/m0
customer_0227,Byrd Family Mechanical 4,Alicia Ingram,commercial,,,2026-02-21,active,emp_04,1,,2026-02-21,,arc/y0/q2/m0
customer_0228,Marsh Family Facilities 4,Hazel Patel,commercial,,,2026-02-21,active,emp_05,1,,2026-02-21,,arc/y0/q2/m0
customer_0229,Avery Brooks,Avery Brooks,residential,,,2026-02-21,active,emp_08,1,,2026-02-21,,arc/y0/q2/m0
customer_0230,Elmwood Properties 4,Daniel Cole,property_manager,,,2026-02-21,active,emp_02,1,,2026-02-21,,arc/y0/q2/m0
customer_0231,Nina Bradley,Nina Bradley,residential,,,2026-02-21,active,emp_02,1,,2026-02-21,,arc/y0/q2/m0
customer_0232,Brandon Dalton,Brandon Dalton,residential,,,2026-02-21,active,emp_06,1,,2026-02-21,,arc/y0/q2/m0
customer_0233,Fleming Family Management 4,Julia Gallagher,property_manager,,,2026-02-21,active,emp_02,1,,2026-02-21,,arc/y0/q2/m0
customer_0234,Blake Ingram,Blake Ingram,residential,,,2026-03-21,active,emp_09,1,,2026-03-21,,arc/y0/q2/m1
customer_0235,Magnolia Mechanical 4,Gina Patel,commercial,,,2026-03-21,active,emp_05,1,,2026-03-21,,arc/y0/q2/m1
customer_0236,Rockport Mechanical 4,Casey Brooks,commercial,,,2026-03-21,active,emp_01,1,,2026-03-21,,arc/y0/q2/m1
customer_0237,Claire Cole,Claire Cole,residential,,,2026-03-21,active,emp_07,1,,2026-03-21,,arc/y0/q2/m1
customer_0238,Beck Family Management 4,Miles Bradley,property_manager,,,2026-03-21,active,emp_05,1,,2026-03-21,,arc/y0/q2/m1
customer_0239,Anita Dalton,Anita Dalton,residential,,,2026-03-21,active,emp_05,1,,2026-03-21,,arc/y0/q2/m1
customer_0240,Janet Gallagher,Janet Gallagher,residential,,,2026-03-21,active,emp_09,1,,2026-03-21,,arc/y0/q2/m1
customer_0241,Reese Ingram,Reese Ingram,residential,,,2026-03-21,active,emp_05,1,,2026-03-21,,arc/y0/q2/m1
customer_0242,Northstar Management 5,Eric Patel,property_manager,,,2026-03-21,active,emp_07,1,,2026-03-21,,arc/y0/q2/m1
customer_0243,Harmon Family Residential 5,Jordan Brooks,property_manager,,,2026-03-21,active,emp_01,1,,2026-03-21,,arc/y0/q2/m1
customer_0244,Carla Cole,Carla Cole,residential,,,2026-03-21,active,emp_06,2,customer_0244:v1,2026-04-22,,arc/y0/q2/m1
customer_0245,Lydia Bradley,Lydia Bradley,residential,,,2026-03-21,active,emp_02,1,,2026-03-21,,arc/y0/q2/m1
customer_0246,Amber Dalton,Amber Dalton,residential,,,2026-03-21,active,emp_08,1,,2026-03-21,,arc/y0/q2/m1
customer_0247,Ian Gallagher,Ian Gallagher,residential,,,2026-03-21,active,emp_09,1,,2026-03-21,,arc/y0/q2/m1
customer_0248,Devon Ingram,Devon Ingram,residential,,,2026-03-21,active,emp_05,1,,2026-03-21,,arc/y0/q2/m1
customer_0249,Oak Street Management 5,Denise Patel,property_manager,,,2026-03-21,active,emp_08,1,,2026-03-21,,arc/y0/q2/m1
customer_0250,Olivia Hayes,Olivia Hayes,residential,,,2026-03-21,active,emp_02,1,,2026-03-21,,arc/y0/q2/m1
customer_0251,Goldenrod Properties 5,Brenda Cole,property_manager,,,2026-03-21,active,emp_05,1,,2026-03-21,,arc/y0/q2/m1
customer_0252,Kevin Bradley,Kevin Bradley,residential,,,2026-03-21,active,emp_02,1,,2026-03-21,,arc/y0/q2/m1
customer_0253,Emerson Dalton,Emerson Dalton,residential,,,2026-03-21,active,emp_07,1,,2026-03-21,,arc/y0/q2/m1
customer_0254,Mill Creek Hospitality 5,Grace Gallagher,commercial,,,2026-03-21,active,emp_05,1,,2026-03-21,,arc/y0/q2/m1
customer_0255,Chan Family Commons 5,Riley Ingram,property_manager,,,2026-03-21,active,emp_09,1,,2026-03-21,,arc/y0/q2/m1
customer_0256,Parkside Mechanical 5,Colin Patel,commercial,,,2026-03-21,active,emp_02,1,,2026-03-21,,arc/y0/q2/m1
customer_0257,Nadia Hayes,Nadia Hayes,residential,,,2026-03-21,active,emp_09,1,,2026-03-21,,arc/y0/q2/m1
customer_0258,Doyle Family Facilities 5,Anthony Cole,commercial,,,2026-03-21,active,emp_09,1,,2026-03-21,,arc/y0/q2/m1
customer_0259,Jared Bradley,Jared Bradley,residential,,,2026-03-21,active,emp_08,1,,2026-03-21,,arc/y0/q2/m1
customer_0260,Evergreen Properties 5,Rowan Dalton,property_manager,,,2026-03-21,active,emp_04,1,,2026-03-21,,arc/y0/q2/m1
customer_0261,Gibbs Family Management 5,Erin Gallagher,property_manager,,,2026-03-21,active,emp_06,1,,2026-03-21,,arc/y0/q2/m1
customer_0262,Taylor Ingram,Taylor Ingram,residential,,,2026-03-21,active,emp_04,1,,2026-03-21,,arc/y0/q2/m1
customer_0263,Redwood Mechanical 5,Carlos Patel,commercial,,,2026-03-21,active,emp_08,1,,2026-03-21,,arc/y0/q2/m1
customer_0264,Marcus Hayes,Marcus Hayes,residential,,,2026-03-21,active,emp_08,1,,2026-03-21,,arc/y0/q2/m1
customer_0265,Andre Cole,Andre Cole,residential,,,2026-03-21,active,emp_07,1,,2026-03-21,,arc/y0/q2/m1
customer_0266,Boyd Family Works 5,Irene Bradley,commercial,,,2026-03-21,active,emp_05,1,,2026-03-21,,arc/y0/q2/m1
customer_0267,Lane Family Mechanical 5,Harper Dalton,commercial,,,2026-03-21,active,emp_07,1,,2026-03-21,,arc/y0/q2/m1
customer_0268,Gomez Family Management 5,Derek Gallagher,property_manager,,,2026-04-21,active,emp_05,1,,2026-04-21,,arc/y0/q2/m2
customer_0269,Dogwood Management 5,Omar Hubbard,property_manager,,,2026-04-21,active,emp_09,1,,2026-04-21,,arc/y0/q2/m2
customer_0270,Adler Family Hospitality 5,Brian Patel,commercial,,,2026-04-21,active,emp_06,1,,2026-04-21,,arc/y0/q2/m2
customer_0271,Wrenfield Hospitality 5,Laura Hayes,commercial,,,2026-04-21,active,emp_06,2,customer_0271:v1,2026-04-22,,arc/y0/q2/m2
customer_0272,Aaron Cole,Aaron Cole,residential,,,2026-04-21,active,emp_01,1,,2026-04-21,,arc/y0/q2/m2
customer_0273,Bayside Mechanical 5,Greg Bradley,commercial,,,2026-04-21,active,emp_06,1,,2026-04-21,,arc/y0/q2/m2
customer_0274,Sutton Family Residential 5,Jamie Dalton,property_manager,,,2026-04-21,active,emp_06,2,customer_0274:v1,2026-04-22,,arc/y0/q2/m2
customer_0275,Dana Gallagher,Dana Gallagher,residential,,,2026-04-21,active,emp_01,1,,2026-04-21,,arc/y0/q2/m2
customer_0276,Conner Family Management 5,Nathan Hubbard,property_manager,,,2026-04-21,active,emp_08,1,,2026-04-21,,arc/y0/q2/m2
customer_0277,Silverline Hospitality 5,April Patel,commercial,,,2026-04-21,active,emp_06,2,customer_0277:v1,2026-04-22,,arc/y0/q2/m2
customer_0278,Joanna Hayes,Joanna Hayes,residential,,,2026-04-21,active,emp_10,1,,2026-04-21,,arc/y0/q2/m2
customer_0279,Hollybrook Facilities 5,Sydney Cole,commercial,,,2026-04-21,active,emp_01,1,,2026-04-21,,arc/y0/q2/m2
customer_0280,Birchwood Management 5,Felix Bradley,property_manager,,,2026-04-21,active,emp_10,1,,2026-04-21,,arc/y0/q2/m2
customer_0281,Morgan Dalton,Morgan Dalton,residential,,,2026-04-21,active,emp_02,1,,2026-04-21,,arc/y0/q2/m2
customer_0282,Griffin Family Properties 5,Caroline Gallagher,property_manager,,,2026-04-21,active,emp_06,1,,2026-04-21,,arc/y0/q2/m2
customer_0283,Eastgate Properties 5,Maria Hubbard,property_manager,,,2026-04-21,active,emp_08,1,,2026-04-21,,arc/y0/q2/m2
customer_0284,Angela Patel,Angela Patel,residential,,,2026-04-21,active,emp_05,1,,2026-04-21,,arc/y0/q2/m2
customer_0285,Ivan Hayes,Ivan Hayes,residential,,,2026-04-21,active,emp_06,1,,2026-04-21,,arc/y0/q2/m2
customer_0286,Kendall Cole,Kendall Cole,residential,,,2026-04-21,active,emp_01,1,,2026-04-21,,arc/y0/q2/m2
customer_0287,Boulder Point Mechanical 5,Diane Bradley,commercial,,,2026-04-21,active,emp_10,1,,2026-04-21,,arc/y0/q2/m2
customer_0288,Marsh Family Management 5,Alex Dalton,property_manager,,,2026-04-21,active,emp_09,1,,2026-04-21,,arc/y0/q2/m2
customer_0289,Quailwood Works 5,Caleb Gallagher,commercial,,,2026-04-21,active,emp_05,1,,2026-04-21,,arc/y0/q2/m2
customer_0290,Leon Hubbard,Leon Hubbard,residential,,,2026-04-21,active,emp_07,1,,2026-04-21,,arc/y0/q2/m2
customer_0291,Westfield Mechanical 5,Alicia Patel,commercial,,,2026-04-21,active,emp_02,1,,2026-04-21,,arc/y0/q2/m2
customer_0292,Bluebird Properties 5,Hazel Hayes,property_manager,,,2026-04-21,active,emp_10,1,,2026-04-21,,arc/y0/q2/m2
customer_0293,Larkspur Facilities 5,Avery Cole,commercial,,,2026-04-21,active,emp_05,1,,2026-04-21,,arc/y0/q2/m2
customer_0294,Briarwood Hospitality 5,Daniel Bradley,commercial,,,2026-04-21,active,emp_02,1,,2026-04-21,,arc/y0/q2/m2
customer_0295,Magnolia Hospitality 5,Nina Cruz,commercial,,,2026-04-21,active,emp_09,1,,2026-04-21,,arc/y0/q2/m2
customer_0296,Rockport Commons 5,Brandon Gallagher,property_manager,,,2026-04-21,active,emp_08,1,,2026-04-21,,arc/y0/q2/m2
customer_0297,Foxglove Commons 5,Julia Hubbard,property_manager,,,2026-04-21,active,emp_09,1,,2026-04-21,,arc/y0/q2/m2
customer_0298,Beck Family Properties 5,Blake Patel,property_manager,,,2026-04-21,active,emp_04,1,,2026-04-21,,arc/y0/q2/m2
customer_0299,Gina Hayes,Gina Hayes,residential,,,2026-04-21,active,emp_04,1,,2026-04-21,,arc/y0/q2/m2
customer_0300,Casey Cole,Casey Cole,residential,,,2026-04-21,active,emp_01,1,,2026-04-21,,arc/y0/q2/m2
customer_0301,Claire Bradley,Claire Bradley,residential,,,2026-05-21,active,emp_02,1,,2026-05-21,,arc/y0/q3/m0
customer_0302,Northstar Management 6,Miles Cruz,property_manager,,,2026-05-21,active,emp_07,1,,2026-05-21,,arc/y0/q3/m0
customer_0303,Sagebrush Facilities 6,Anita Gallagher,commercial,,,2026-05-21,active,emp_06,1,,2026-05-21,,arc/y0/q3/m0
customer_0304,Janet Hubbard,Janet Hubbard,residential,,,2026-05-21,active,emp_11,1,,2026-05-21,,arc/y0/q3/m0
customer_0305,Alder Grove Hospitality 6,Reese Patel,commercial,,,2026-05-21,active,emp_07,1,,2026-05-21,,arc/y0/q3/m0
customer_0306,Eric Hayes,Eric Hayes,residential,,,2026-05-21,active,emp_06,1,,2026-05-21,,arc/y0/q3/m0
customer_0307,Meadowbrook Works 6,Jordan Cole,commercial,,,2026-05-21,active,emp_11,1,,2026-05-21,,arc/y0/q3/m0
customer_0308,Carla Bradley,Carla Bradley,residential,,,2026-05-21,active,emp_11,1,,2026-05-21,,arc/y0/q3/m0
customer_0309,Oak Street Facilities 6,Lydia Cruz,commercial,,,2026-05-21,active,emp_11,1,,2026-05-21,,arc/y0/q3/m0
customer_0310,Hendricks Family Management 6,Amber Gallagher,property_manager,,,2026-05-21,active,emp_09,1,,2026-05-21,,arc/y0/q3/m0
customer_0311,Ian Hubbard,Ian Hubbard,residential,,,2026-05-21,active,emp_02,1,,2026-05-21,,arc/y0/q3/m0
customer_0312,Berg Family Commons 6,Devon Patel,property_manager,,,2026-05-21,active,emp_02,1,,2026-05-21,,arc/y0/q3/m0
customer_0313,Crescent Properties 6,Denise Hayes,property_manager,,,2026-05-21,active,emp_09,1,,2026-05-21,,arc/y0/q3/m0
customer_0314,Olivia Rhodes,Olivia Rhodes,residential,,,2026-05-21,active,emp_08,1,,2026-05-21,,arc/y0/q3/m0
customer_0315,Brenda Bradley,Brenda Bradley,residential,,,2026-05-21,active,emp_11,1,,2026-05-21,,arc/y0/q3/m0
customer_0316,Kevin Cruz,Kevin Cruz,residential,,,2026-05-21,active,emp_11,1,,2026-05-21,,arc/y0/q3/m0
customer_0317,Emerson Gallagher,Emerson Gallagher,residential,,,2026-05-21,active,emp_06,1,,2026-05-21,,arc/y0/q3/m0
customer_0318,Greenfield Hospitality 6,Grace Hubbard,commercial,,,2026-05-21,active,emp_06,1,,2026-05-21,,arc/y0/q3/m0
customer_0319,Riley Patel,Riley Patel,residential,,,2026-05-21,active,emp_06,1,,2026-05-21,,arc/y0/q3/m0
customer_0320,Drew Family Residential 6,Colin Hayes,property_manager,,,2026-05-21,active,emp_05,1,,2026-05-21,,arc/y0/q3/m0
customer_0321,Nadia Rhodes,Nadia Rhodes,residential,,,2026-05-21,active,emp_09,1,,2026-05-21,,arc/y0/q3/m0
customer_0322,Cypress Commons 6,Anthony Bradley,property_manager,,,2026-05-21,active,emp_06,1,,2026-05-21,,arc/y0/q3/m0
customer_0323,Redwood Residential 6,Jared Cruz,property_manager,,,2026-05-21,active,emp_08,1,,2026-05-21,,arc/y0/q3/m0
customer_0324,Thornbury Management 6,Rowan Gallagher,property_manager,,,2026-05-21,active,emp_11,1,,2026-05-21,,arc/y0/q3/m0
customer_0325,Erin Hubbard,Erin Hubbard,residential,,,2026-05-21,active,emp_02,1,,2026-05-21,,arc/y0/q3/m0
customer_0326,Boyd Family Commons 6,Taylor Patel,property_manager,,,2026-05-21,active,emp_01,1,,2026-05-21,,arc/y0/q3/m0
customer_0327,Carlos Hayes,Carlos Hayes,residential,,,2026-05-21,active,emp_05,1,,2026-05-21,,arc/y0/q3/m0
customer_0328,Mulberry Management 6,Marcus Rhodes,property_manager,,,2026-05-21,active,emp_04,1,,2026-05-21,,arc/y0/q3/m0
customer_0329,Dogwood Residential 6,Andre Bradley,property_manager,,,2026-05-21,active,emp_04,1,,2026-05-21,,arc/y0/q3/m0
customer_0330,Irene Cruz,Irene Cruz,residential,,,2026-05-21,active,emp_02,1,,2026-05-21,,arc/y0/q3/m0
customer_0331,Hubbard Family Mechanical 6,Harper Gallagher,commercial,,,2026-05-21,active,emp_09,1,,2026-05-21,,arc/y0/q3/m0
customer_0332,Hillcrest Works 6,Derek Hubbard,commercial,,,2026-05-21,active,emp_09,1,,2026-05-21,,arc/y0/q3/m0
customer_0333,Omar Osborne,Omar Osborne,residential,,,2026-05-21,active,emp_04,1,,2026-05-21,,arc/y0/q3/m0
customer_0334,Juniper Facilities 6,Brian Hayes,commercial,,,2026-06-21,active,emp_05,1,,2026-06-21,,arc/y0/q3/m1
customer_0335,Laura Rhodes,Laura Rhodes,residential,,,2026-06-21,active,emp_08,1,,2026-06-21,,arc/y0/q3/m1
customer_0336,Conner Family Mechanical 6,Aaron Bradley,commercial,,,2026-06-21,active,emp_05,1,,2026-06-21,,arc/y0/q3/m1
customer_0337,Greg Cruz,Greg Cruz,residential,,,2026-06-21,active,emp_07,1,,2026-06-21,,arc/y0/q3/m1
customer_0338,Acorn Residential 6,Jamie Gallagher,property_manager,,,2026-06-21,active,emp_05,1,,2026-06-21,,arc/y0/q3/m1
customer_0339,Hollybrook Properties 6,Dana Hubbard,property_manager,,,2026-06-21,active,emp_01,1,,2026-06-21,,arc/y0/q3/m1
customer_0340,Nathan Osborne,Nathan Osborne,residential,,,2026-06-21,active,emp_09,1,,2026-06-21,,arc/y0/q3/m1
customer_0341,Keystone Management 6,April Hayes,property_manager,,,2026-06-21,active,emp_02,1,,2026-06-21,,arc/y0/q3/m1
customer_0342,Griffin Family Commons 6,Joanna Rhodes,property_manager,,,2026-06-21,active,emp_08,1,,2026-06-21,,arc/y0/q3/m1
customer_0343,Sydney Bradley,Sydney Bradley,residential,,,2026-06-21,active,emp_08,1,,2026-06-21,,arc/y0/q3/m1
customer_0344,Felix Cruz,Felix Cruz,residential,,,2026-06-21,active,emp_10,1,,2026-06-21,,arc/y0/q3/m1
customer_0345,Morgan Gallagher,Morgan Gallagher,residential,,,2026-06-21,active,emp_06,1,,2026-06-21,,arc/y0/q3/m1
customer_0346,Ivybridge Mechanical 6,Caroline Hubbard,commercial,,,2026-06-21,active,emp_11,1,,2026-06-21,,arc/y0/q3/m1
customer_0347,Boulder Point Management 6,Maria Osborne,property_manager,,,2026-06-21,active,emp_08,1,,2026-06-21,,arc/y0/q3/m1
customer_0348,Lakeview Management 6,Angela Hayes,property_manager,,,2026-06-21,active,emp_05,1,,2026-06-21,,arc/y0/q3/m1
customer_0349,Ivan Rhodes,Ivan Rhodes,residential,,,2026-06-21,active,emp_04,1,,2026-06-21,,arc/y0/q3/m1
customer_0350,Elmwood Hospitality 6,Kendall Bradley,commercial,,,2026-06-21,active,emp_10,1,,2026-06-21,,arc/y0/q3/m1
customer_0351,Diane Cruz,Diane Cruz,residential,,,2026-06-21,active,emp_10,1,,2026-06-21,,arc/y0/q3/m1
customer_0352,Alex Gallagher,Alex Gallagher,residential,,,2026-06-21,active,emp_01,1,,2026-06-21,,arc/y0/q3/m1
customer_0353,Larkspur Facilities 6,Caleb Hubbard,commercial,,,2026-06-21,active,emp_01,1,,2026-06-21,,arc/y0/q3/m1
customer_0354,Briarwood Commons 6,Leon Osborne,property_manager,,,2026-06-21,active,emp_06,1,,2026-06-21,,arc/y0/q3/m1
customer_0355,Alicia Hayes,Alicia Hayes,residential,,,2026-06-21,active,emp_07,1,,2026-06-21,,arc/y0/q3/m1
customer_0356,Hazel Rhodes,Hazel Rhodes,residential,,,2026-06-21,active,emp_08,1,,2026-06-21,,arc/y0/q3/m1
customer_0357,Foxglove Management 6,Avery Bradley,property_manager,,,2026-06-21,active,emp_06,1,,2026-06-21,,arc/y0/q3/m1
customer_0358,Daniel Cruz,Daniel Cruz,residential,,,2026-06-21,active,emp_06,1,,2026-06-21,,arc/y0/q3/m1
customer_0359,Brighton Management 6,Nina Franklin,property_manager,,,2026-06-21,active,emp_10,1,,2026-06-21,,arc/y0/q3/m1
customer_0360,Laurelwood Hospitality 6,Brandon Hubbard,commercial,,,2026-06-21,active,emp_09,1,,2026-06-21,,arc/y0/q3/m1
customer_0361,Julia Osborne,Julia Osborne,residential,,,2026-06-21,active,emp_10,1,,2026-06-21,,arc/y0/q3/m1
customer_0362,Northstar Mechanical 7,Blake Hayes,commercial,,,2026-06-21,active,emp_07,1,,2026-06-21,,arc/y0/q3/m1
customer_0363,Sagebrush Mechanical 7,Gina Rhodes,commercial,,,2026-06-21,active,emp_12,1,,2026-06-21,,arc/y0/q3/m1
customer_0364,Glenrose Residential 7,Casey Bradley,property_manager,,,2026-06-21,active,emp_07,1,,2026-06-21,,arc/y0/q3/m1
customer_0365,Claire Cruz,Claire Cruz,residential,,,2026-06-21,active,emp_06,1,,2026-06-21,,arc/y0/q3/m1
customer_0366,Cedar Residential 7,Miles Franklin,property_manager,,,2026-06-21,active,emp_04,1,,2026-06-21,,arc/y0/q3/m1
customer_0367,Anita Hubbard,Anita Hubbard,residential,,,2026-06-21,active,emp_11,1,,2026-06-21,,arc/y0/q3/m1
customer_0368,Janet Osborne,Janet Osborne,residential,,,2026-07-21,active,emp_07,1,,2026-07-21,,arc/y0/q3/m2
customer_0369,Reese Hayes,Reese Hayes,residential,,,2026-07-21,active,emp_06,1,,2026-07-21,,arc/y0/q3/m2
customer_0370,Hendricks Family Management 7,Eric Rhodes,property_manager,,,2026-07-21,active,emp_10,1,,2026-07-21,,arc/y0/q3/m2
customer_0371,Jordan Bradley,Jordan Bradley,residential,,,2026-07-21,active,emp_13,1,,2026-07-21,,arc/y0/q3/m2
customer_0372,Carla Cruz,Carla Cruz,residential,,,2026-07-21,active,emp_08,1,,2026-07-21,,arc/y0/q3/m2
customer_0373,Shaw Family Hospitality 7,Lydia Franklin,commercial,,,2026-07-21,active,emp_11,1,,2026-07-21,,arc/y0/q3/m2
customer_0374,Amber Hubbard,Amber Hubbard,residential,,,2026-07-21,active,emp_01,1,,2026-07-21,,arc/y0/q3/m2
customer_0375,Chan Family Facilities 7,Ian Osborne,commercial,,,2026-07-21,active,emp_12,1,,2026-07-21,,arc/y0/q3/m2
customer_0376,Devon Hayes,Devon Hayes,residential,,,2026-07-21,active,emp_07,1,,2026-07-21,,arc/y0/q3/m2
customer_0377,Seabright Commons 7,Denise Rhodes,property_manager,,,2026-07-21,active,emp_04,1,,2026-07-21,,arc/y0/q3/m2
customer_0378,Greenfield Management 7,Olivia Boyd,property_manager,,,2026-07-21,active,emp_06,1,,2026-07-21,,arc/y0/q3/m2
customer_0379,Ashford Management 7,Brenda Cruz,property_manager,,,2026-07-21,active,emp_13,1,,2026-07-21,,arc/y0/q3/m2
customer_0380,Evergreen Facilities 7,Kevin Franklin,commercial,,,2026-07-21,active,emp_06,1,,2026-07-21,,arc/y0/q3/m2
customer_0381,Morningside Hospitality 7,Emerson Hubbard,commercial,,,2026-07-21,active,emp_05,1,,2026-07-21,,arc/y0/q3/m2
customer_0382,Cypress Properties 7,Grace Osborne,property_manager,,,2026-07-21,active,emp_12,1,,2026-07-21,,arc/y0/q3/m2
customer_0383,Redwood Hospitality 7,Riley Hayes,commercial,,,2026-07-21,active,emp_06,1,,2026-07-21,,arc/y0/q3/m2
customer_0384,Colin Rhodes,Colin Rhodes,residential,,,2026-07-21,active,emp_09,1,,2026-07-21,,arc/y0/q3/m2
customer_0385,Hawthorn Facilities 7,Nadia Boyd,commercial,,,2026-07-21,active,emp_11,1,,2026-07-21,,arc/y0/q3/m2
customer_0386,Anthony Cruz,Anthony Cruz,residential,,,2026-07-21,active,emp_11,1,,2026-07-21,,arc/y0/q3/m2
customer_0387,Lane Family Management 7,Jared Franklin,property_manager,,,2026-07-21,active,emp_05,1,,2026-07-21,,arc/y0/q3/m2
customer_0388,Mulberry Residential 7,Rowan Hubbard,property_manager,,,2026-07-21,active,emp_09,1,,2026-07-21,,arc/y0/q3/m2
customer_0389,Erin Osborne,Erin Osborne,residential,,,2026-07-21,active,emp_04,1,,2026-07-21,,arc/y0/q3/m2
customer_0390,Taylor Hayes,Taylor Hayes,residential,,,2026-07-21,active,emp_11,1,,2026-07-21,,arc/y0/q3/m2
customer_0391,Carlos Rhodes,Carlos Rhodes,residential,,,2026-07-21,active,emp_01,1,,2026-07-21,,arc/y0/q3/m2
customer_0392,Hillcrest Management 7,Marcus Boyd,property_manager,,,2026-07-21,active,emp_02,1,,2026-07-21,,arc/y0/q3/m2
customer_0393,Andre Cruz,Andre Cruz,residential,,,2026-07-21,active,emp_01,1,,2026-07-21,,arc/y0/q3/m2
customer_0394,Juniper Residential 7,Irene Franklin,property_manager,,,2026-07-21,active,emp_13,1,,2026-07-21,,arc/y0/q3/m2
customer_0395,Pinehurst Hospitality 7,Harper Hubbard,commercial,,,2026-07-21,active,emp_02,1,,2026-07-21,,arc/y0/q3/m2
customer_0396,Derek Osborne,Derek Osborne,residential,,,2026-07-21,active,emp_06,1,,2026-07-21,,arc/y0/q3/m2
customer_0397,Omar Parker,Omar Parker,residential,,,2026-07-21,active,emp_08,1,,2026-07-21,,arc/y0/q3/m2
customer_0398,Brian Rhodes,Brian Rhodes,residential,,,2026-07-21,active,emp_07,1,,2026-07-21,,arc/y0/q3/m2
customer_0399,Hollybrook Works 7,Laura Boyd,commercial,,,2026-07-21,active,emp_12,1,,2026-07-21,,arc/y0/q3/m2
customer_0400,Burke Family Facilities 7,Aaron Cruz,commercial,,,2026-07-21,active,emp_07,1,,2026-07-21,,arc/y0/q3/m2
